City,Date,AQI
Bengaluru,2015 W12,105.5
Bengaluru,2015 W13,150.7142857
Bengaluru,2015 W14,126.1428571
Bengaluru,2015 W15,105.4285714
Bengaluru,2015 W16,141.5714286
Bengaluru,2015 W17,75.57142857
Bengaluru,2015 W18,112.7142857
Bengaluru,2015 W19,114.4285714
Bengaluru,2015 W20,68.85714286
Bengaluru,2015 W21,107.8571429
Bengaluru,2015 W22,114.2857143
Bengaluru,2015 W23,88.71428571
Bengaluru,2015 W24,94
Bengaluru,2015 W25,94.71428571
Bengaluru,2015 W26,133.1428571
Bengaluru,2015 W27,182.1428571
Bengaluru,2015 W28,157.5714286
Bengaluru,2015 W29,179.1428571
Bengaluru,2015 W30,173.5714286
Bengaluru,2015 W31,122.7142857
Bengaluru,2015 W32,108.1428571
Bengaluru,2015 W33,173.7142857
Bengaluru,2015 W34,150.1428571
Bengaluru,2015 W35,101.5714286
Bengaluru,2015 W36,88.71428571
Bengaluru,2015 W37,109.2857143
Bengaluru,2015 W38,84
Bengaluru,2015 W39,108.2857143
Bengaluru,2015 W40,110.2857143
Bengaluru,2015 W41,89.42857143
Bengaluru,2015 W42,110.8571429
Bengaluru,2015 W43,100.7142857
Bengaluru,2015 W44,106.5714286
Bengaluru,2015 W45,61.42857143
Bengaluru,2015 W46,85
Bengaluru,2015 W47,91
Bengaluru,2015 W48,107.2857143
Bengaluru,2015 W49,78.14285714
Bengaluru,2015 W50,89.57142857
Bengaluru,2015 W51,94.28571429
Bengaluru,2015 W52,107.1428571
Bengaluru,2015 W53,113.4285714
Bengaluru,2016 W01,126.8571429
Bengaluru,2016 W02,149.1428571
Bengaluru,2016 W03,144.7142857
Bengaluru,2016 W04,131.1428571
Bengaluru,2016 W05,160.8571429
Bengaluru,2016 W06,171.5714286
Bengaluru,2016 W07,108
Bengaluru,2016 W08,140.7142857
Bengaluru,2016 W09,128.5714286
Bengaluru,2016 W10,137.5714286
Bengaluru,2016 W11,168.4285714
Bengaluru,2016 W12,159.5714286
Bengaluru,2016 W13,112.4285714
Bengaluru,2016 W14,135.5714286
Bengaluru,2016 W15,136.8571429
Bengaluru,2016 W16,126.1428571
Bengaluru,2016 W17,89.85714286
Bengaluru,2016 W18,84.28571429
Bengaluru,2016 W19,82.14285714
Bengaluru,2016 W20,54.71428571
Bengaluru,2016 W21,56.57142857
Bengaluru,2016 W22,36.71428571
Bengaluru,2016 W23,21.71428571
Bengaluru,2016 W24,70.57142857
Bengaluru,2016 W25,95.85714286
Bengaluru,2016 W26,164.2857143
Bengaluru,2016 W27,82.57142857
Bengaluru,2016 W28,51.71428571
Bengaluru,2016 W29,208.2857143
Bengaluru,2016 W30,55.14285714
Bengaluru,2016 W31,59.14285714
Bengaluru,2016 W32,53.85714286
Bengaluru,2016 W33,87
Bengaluru,2016 W34,63.42857143
Bengaluru,2016 W35,60.42857143
Bengaluru,2016 W36,63.57142857
Bengaluru,2016 W37,66.85714286
Bengaluru,2016 W38,66.42857143
Bengaluru,2016 W39,107.1428571
Bengaluru,2016 W40,98.85714286
Bengaluru,2016 W41,89
Bengaluru,2016 W42,131.4285714
Bengaluru,2016 W43,152
Bengaluru,2016 W44,81
Bengaluru,2016 W45,103.4285714
Bengaluru,2016 W46,93.57142857
Bengaluru,2016 W47,151.2857143
Bengaluru,2016 W48,116.1428571
Bengaluru,2016 W49,137.8571429
Bengaluru,2016 W50,140.7142857
Bengaluru,2016 W51,95
Bengaluru,2016 W52,91.57142857
Bengaluru,2017 W01,90.71428571
Bengaluru,2017 W02,99.85714286
Bengaluru,2017 W03,92.14285714
Bengaluru,2017 W04,165.5714286
Bengaluru,2017 W05,181.1428571
Bengaluru,2017 W06,149.4285714
Bengaluru,2017 W07,82.71428571
Bengaluru,2017 W08,90
Bengaluru,2017 W09,72.42857143
Bengaluru,2017 W10,67.85714286
Bengaluru,2017 W11,73.42857143
Bengaluru,2017 W12,96.57142857
Bengaluru,2017 W13,103.2857143
Bengaluru,2017 W14,98.85714286
Bengaluru,2017 W15,100.2857143
Bengaluru,2017 W16,75
Bengaluru,2017 W17,86.28571429
Bengaluru,2017 W18,83.14285714
Bengaluru,2017 W19,81.42857143
Bengaluru,2017 W20,59.71428571
Bengaluru,2017 W21,53.57142857
Bengaluru,2017 W22,43.85714286
Bengaluru,2017 W23,48.71428571
Bengaluru,2017 W24,58
Bengaluru,2017 W25,59.71428571
Bengaluru,2017 W26,100.2857143
Bengaluru,2017 W27,94.85714286
Bengaluru,2017 W28,76.57142857
Bengaluru,2017 W29,86.71428571
Bengaluru,2017 W30,110.8571429
Bengaluru,2017 W31,114.7142857
Bengaluru,2017 W32,88
Bengaluru,2017 W33,67.28571429
Bengaluru,2017 W34,77.57142857
Bengaluru,2017 W35,95.85714286
Bengaluru,2017 W36,80
Bengaluru,2017 W37,57
Bengaluru,2017 W38,56.14285714
Bengaluru,2017 W39,63.71428571
Bengaluru,2017 W40,90.85714286
Bengaluru,2017 W41,80.57142857
Bengaluru,2017 W42,100.4285714
Bengaluru,2017 W43,84.14285714
Bengaluru,2017 W44,118
Bengaluru,2017 W45,66
Bengaluru,2017 W46,69.71428571
Bengaluru,2017 W47,71
Bengaluru,2017 W48,57
Bengaluru,2017 W49,101.5714286
Bengaluru,2017 W50,104.4285714
Bengaluru,2017 W51,102.1428571
Bengaluru,2017 W52,101
Bengaluru,2018 W01,90
Bengaluru,2018 W02,94.57142857
Bengaluru,2018 W03,102.4285714
Bengaluru,2018 W04,102
Bengaluru,2018 W05,98.42857143
Bengaluru,2018 W06,82.71428571
Bengaluru,2018 W07,74.85714286
Bengaluru,2018 W08,79.71428571
Bengaluru,2018 W09,80.85714286
Bengaluru,2018 W10,97.28571429
Bengaluru,2018 W11,74
Bengaluru,2018 W12,106
Bengaluru,2018 W13,97.85714286
Bengaluru,2018 W14,105.2857143
Bengaluru,2018 W15,79.85714286
Bengaluru,2018 W16,73.85714286
Bengaluru,2018 W17,81.57142857
Bengaluru,2018 W18,140
Bengaluru,2018 W19,83.71428571
Bengaluru,2018 W20,75.57142857
Bengaluru,2018 W21,83.71428571
Bengaluru,2018 W22,74.57142857
Bengaluru,2018 W23,58.14285714
Bengaluru,2018 W24,67
Bengaluru,2018 W25,68.14285714
Bengaluru,2018 W26,69.28571429
Bengaluru,2018 W27,61.42857143
Bengaluru,2018 W28,62.14285714
Bengaluru,2018 W29,58
Bengaluru,2018 W30,63.71428571
Bengaluru,2018 W31,69.42857143
Bengaluru,2018 W32,60.71428571
Bengaluru,2018 W33,55.42857143
Bengaluru,2018 W34,64.14285714
Bengaluru,2018 W35,65.71428571
Bengaluru,2018 W36,68.57142857
Bengaluru,2018 W37,83.71428571
Bengaluru,2018 W38,76.28571429
Bengaluru,2018 W39,78.71428571
Bengaluru,2018 W40,65.57142857
Bengaluru,2018 W41,107.7142857
Bengaluru,2018 W42,87
Bengaluru,2018 W43,111.2857143
Bengaluru,2018 W44,95.28571429
Bengaluru,2018 W45,103.8571429
Bengaluru,2018 W46,114.7142857
Bengaluru,2018 W47,96.14285714
Bengaluru,2018 W48,109.8571429
Bengaluru,2018 W49,96.85714286
Bengaluru,2018 W50,137.7142857
Bengaluru,2018 W51,136.4285714
Bengaluru,2018 W52,113
Bengaluru,2019 W01,111.4285714
Bengaluru,2019 W02,123.5714286
Bengaluru,2019 W03,119.1428571
Bengaluru,2019 W04,120.5714286
Bengaluru,2019 W05,105
Bengaluru,2019 W06,114
Bengaluru,2019 W07,97.42857143
Bengaluru,2019 W08,102.5714286
Bengaluru,2019 W09,118.1428571
Bengaluru,2019 W10,134.1428571
Bengaluru,2019 W11,108
Bengaluru,2019 W12,117
Bengaluru,2019 W13,129.7142857
Bengaluru,2019 W14,130.1428571
Bengaluru,2019 W15,122
Bengaluru,2019 W16,116
Bengaluru,2019 W17,126.8571429
Bengaluru,2019 W18,120.2857143
Bengaluru,2019 W19,109
Bengaluru,2019 W20,105.5714286
Bengaluru,2019 W21,98.85714286
Bengaluru,2019 W22,97.71428571
Bengaluru,2019 W23,81
Bengaluru,2019 W24,56.57142857
Bengaluru,2019 W25,67
Bengaluru,2019 W26,70.71428571
Bengaluru,2019 W27,65.42857143
Bengaluru,2019 W28,67.42857143
Bengaluru,2019 W29,64.28571429
Bengaluru,2019 W30,59.42857143
Bengaluru,2019 W31,59.42857143
Bengaluru,2019 W32,52.14285714
Bengaluru,2019 W33,61.14285714
Bengaluru,2019 W34,67.14285714
Bengaluru,2019 W35,57.42857143
Bengaluru,2019 W36,56.42857143
Bengaluru,2019 W37,66.57142857
Bengaluru,2019 W38,83.28571429
Bengaluru,2019 W39,87.28571429
Bengaluru,2019 W40,92
Bengaluru,2019 W41,96
Bengaluru,2019 W42,70.57142857
Bengaluru,2019 W43,66.28571429
Bengaluru,2019 W44,80.57142857
Bengaluru,2019 W45,135.4285714
Bengaluru,2019 W46,88.28571429
Bengaluru,2019 W47,82
Bengaluru,2019 W48,80.14285714
Bengaluru,2019 W49,82.71428571
Bengaluru,2019 W50,72.85714286
Bengaluru,2019 W51,82.71428571
Bengaluru,2019 W52,87.42857143
Bengaluru,2020 W01,93
Bengaluru,2020 W02,85.85714286
Bengaluru,2020 W03,101.4285714
Bengaluru,2020 W04,92.14285714
Bengaluru,2020 W05,104.8571429
Bengaluru,2020 W06,92.14285714
Bengaluru,2020 W07,101.8571429
Bengaluru,2020 W08,92.28571429
Bengaluru,2020 W09,99.85714286
Bengaluru,2020 W10,110.2857143
Bengaluru,2020 W11,92.57142857
Bengaluru,2020 W12,89.57142857
Bengaluru,2020 W13,75
Bengaluru,2020 W14,72.42857143
Bengaluru,2020 W15,67
Bengaluru,2020 W16,74.14285714
Bengaluru,2020 W17,64
Bengaluru,2020 W18,67.14285714
Bengaluru,2020 W19,80.57142857
Bengaluru,2020 W20,72.57142857
Bengaluru,2020 W21,70.71428571
Bengaluru,2020 W22,69.14285714
Bengaluru,2020 W23,48.42857143
Bengaluru,2020 W24,55.71428571
Bengaluru,2020 W25,56.71428571
Bengaluru,2020 W26,57.28571429
Bengaluru,2020 W27,57
Chennai,2015 W13,381.3333333
Chennai,2015 W14,293.2857143
Chennai,2015 W15,166.7142857
Chennai,2015 W16,198.2857143
Chennai,2015 W17,143.7142857
Chennai,2015 W18,125.8571429
Chennai,2015 W19,134.4285714
Chennai,2015 W20,200.4285714
Chennai,2015 W21,171.1428571
Chennai,2015 W22,218.7142857
Chennai,2015 W23,188.7142857
Chennai,2015 W24,122.4285714
Chennai,2015 W25,135.4285714
Chennai,2015 W26,158.7142857
Chennai,2015 W27,195.4285714
Chennai,2015 W28,189.2857143
Chennai,2015 W29,166
Chennai,2015 W30,129
Chennai,2015 W31,149.4285714
Chennai,2015 W32,126.7142857
Chennai,2015 W33,104
Chennai,2015 W34,128.2857143
Chennai,2015 W35,114.5714286
Chennai,2015 W36,102.5714286
Chennai,2015 W37,95.57142857
Chennai,2015 W38,105.5714286
Chennai,2015 W39,148.4285714
Chennai,2015 W40,152.5714286
Chennai,2015 W41,108.4285714
Chennai,2015 W42,174.8571429
Chennai,2015 W43,161
Chennai,2015 W44,143
Chennai,2015 W45,145.2857143
Chennai,2015 W46,125.5714286
Chennai,2015 W47,105.1428571
Chennai,2015 W48,102
Chennai,2015 W49,98.28571429
Chennai,2015 W50,106.1428571
Chennai,2015 W51,115.8571429
Chennai,2015 W52,121
Chennai,2015 W53,145.7142857
Chennai,2016 W01,130.8571429
Chennai,2016 W02,138.7142857
Chennai,2016 W03,154.7142857
Chennai,2016 W04,162.1428571
Chennai,2016 W05,202.7142857
Chennai,2016 W06,173.4285714
Chennai,2016 W07,150.4285714
Chennai,2016 W08,101
Chennai,2016 W09,142.4285714
Chennai,2016 W10,145.8571429
Chennai,2016 W11,193.4285714
Chennai,2016 W12,155.2857143
Chennai,2016 W13,134
Chennai,2016 W14,135.5714286
Chennai,2016 W15,127.4285714
Chennai,2016 W16,127.5714286
Chennai,2016 W17,142.4285714
Chennai,2016 W18,130.4285714
Chennai,2016 W19,149.5714286
Chennai,2016 W20,123.4285714
Chennai,2016 W21,107.7142857
Chennai,2016 W22,103.5714286
Chennai,2016 W23,88
Chennai,2016 W24,94.85714286
Chennai,2016 W25,90.85714286
Chennai,2016 W26,102
Chennai,2016 W27,127.2857143
Chennai,2016 W28,75.85714286
Chennai,2016 W29,73.85714286
Chennai,2016 W30,84
Chennai,2016 W31,96.14285714
Chennai,2016 W32,134.8571429
Chennai,2016 W33,147
Chennai,2016 W34,132.2857143
Chennai,2016 W35,190.4285714
Chennai,2016 W36,186.8571429
Chennai,2016 W37,177.2857143
Chennai,2016 W38,270.5714286
Chennai,2016 W39,86.71428571
Chennai,2016 W40,89.85714286
Chennai,2016 W41,111.4285714
Chennai,2016 W42,177.4285714
Chennai,2016 W43,234.2857143
Chennai,2016 W44,106.5714286
Chennai,2016 W45,150.4285714
Chennai,2016 W46,93.85714286
Chennai,2016 W47,182.2857143
Chennai,2016 W48,151.5714286
Chennai,2016 W49,118.8571429
Chennai,2016 W50,89
Chennai,2016 W51,86
Chennai,2016 W52,103.1428571
Chennai,2017 W01,103.7142857
Chennai,2017 W02,219.4285714
Chennai,2017 W03,104.1428571
Chennai,2017 W04,88.57142857
Chennai,2017 W05,97.42857143
Chennai,2017 W06,172.7142857
Chennai,2017 W07,117.5714286
Chennai,2017 W08,83.71428571
Chennai,2017 W09,110.7142857
Chennai,2017 W10,122
Chennai,2017 W11,131.2857143
Chennai,2017 W12,95
Chennai,2017 W13,77.14285714
Chennai,2017 W14,75.28571429
Chennai,2017 W15,91.85714286
Chennai,2017 W16,165.4285714
Chennai,2017 W17,102.1428571
Chennai,2017 W18,68.14285714
Chennai,2017 W19,80.85714286
Chennai,2017 W20,194.2857143
Chennai,2017 W21,158
Chennai,2017 W22,94.85714286
Chennai,2017 W23,78.85714286
Chennai,2017 W24,74.71428571
Chennai,2017 W25,80.28571429
Chennai,2017 W26,86.71428571
Chennai,2017 W27,89
Chennai,2017 W28,88.28571429
Chennai,2017 W29,89.42857143
Chennai,2017 W30,142.4285714
Chennai,2017 W31,122
Chennai,2017 W32,72.71428571
Chennai,2017 W33,84.85714286
Chennai,2017 W34,85.14285714
Chennai,2017 W35,97.71428571
Chennai,2017 W36,91.28571429
Chennai,2017 W37,73.57142857
Chennai,2017 W38,85
Chennai,2017 W39,101
Chennai,2017 W40,68.28571429
Chennai,2017 W41,95
Chennai,2017 W42,173.7142857
Chennai,2017 W43,94.71428571
Chennai,2017 W44,74
Chennai,2017 W45,98.85714286
Chennai,2017 W46,88.14285714
Chennai,2017 W47,114
Chennai,2017 W48,74.28571429
Chennai,2017 W49,124.1428571
Chennai,2017 W50,108.1428571
Chennai,2017 W51,91.42857143
Chennai,2017 W52,116.4285714
Chennai,2018 W01,134.5714286
Chennai,2018 W02,163
Chennai,2018 W03,150.7142857
Chennai,2018 W04,166.4285714
Chennai,2018 W05,150.1428571
Chennai,2018 W06,97.14285714
Chennai,2018 W07,117.1428571
Chennai,2018 W08,112.5714286
Chennai,2018 W09,139.2857143
Chennai,2018 W10,120.7142857
Chennai,2018 W11,94.57142857
Chennai,2018 W12,106
Chennai,2018 W13,86.85714286
Chennai,2018 W14,76.57142857
Chennai,2018 W15,63.71428571
Chennai,2018 W16,62.28571429
Chennai,2018 W17,71.85714286
Chennai,2018 W18,102.1428571
Chennai,2018 W19,78.14285714
Chennai,2018 W20,75.71428571
Chennai,2018 W21,73
Chennai,2018 W22,93.14285714
Chennai,2018 W23,75
Chennai,2018 W24,91
Chennai,2018 W25,102.5714286
Chennai,2018 W26,122.2857143
Chennai,2018 W27,120.2857143
Chennai,2018 W28,90.71428571
Chennai,2018 W29,74.42857143
Chennai,2018 W30,82
Chennai,2018 W31,85.57142857
Chennai,2018 W32,77.14285714
Chennai,2018 W33,79.71428571
Chennai,2018 W34,113.2857143
Chennai,2018 W35,73
Chennai,2018 W36,102.1428571
Chennai,2018 W37,96.14285714
Chennai,2018 W38,95.14285714
Chennai,2018 W39,98.71428571
Chennai,2018 W40,71.14285714
Chennai,2018 W41,101.8571429
Chennai,2018 W42,86.71428571
Chennai,2018 W43,153.2857143
Chennai,2018 W44,105.4285714
Chennai,2018 W45,115.1428571
Chennai,2018 W46,139.7142857
Chennai,2018 W47,104.7142857
Chennai,2018 W48,116.2857143
Chennai,2018 W49,127.7142857
Chennai,2018 W50,165.2857143
Chennai,2018 W51,96.71428571
Chennai,2018 W52,180.2857143
Chennai,2019 W01,168.7142857
Chennai,2019 W02,161.2857143
Chennai,2019 W03,115.1428571
Chennai,2019 W04,96.57142857
Chennai,2019 W05,107
Chennai,2019 W06,102.7142857
Chennai,2019 W07,150.4285714
Chennai,2019 W08,84.71428571
Chennai,2019 W09,156.1428571
Chennai,2019 W10,91
Chennai,2019 W11,106.4285714
Chennai,2019 W12,99.14285714
Chennai,2019 W13,83.71428571
Chennai,2019 W14,108.8571429
Chennai,2019 W15,98
Chennai,2019 W16,73.28571429
Chennai,2019 W17,73.14285714
Chennai,2019 W18,78.28571429
Chennai,2019 W19,96
Chennai,2019 W20,113.1428571
Chennai,2019 W21,96.28571429
Chennai,2019 W22,138.5714286
Chennai,2019 W23,132.5714286
Chennai,2019 W24,101.7142857
Chennai,2019 W25,94.85714286
Chennai,2019 W26,112.1428571
Chennai,2019 W27,107.4285714
Chennai,2019 W28,86.14285714
Chennai,2019 W29,83.71428571
Chennai,2019 W30,77.71428571
Chennai,2019 W31,107.8571429
Chennai,2019 W32,83.42857143
Chennai,2019 W33,94.85714286
Chennai,2019 W34,61.71428571
Chennai,2019 W35,86.28571429
Chennai,2019 W36,97.14285714
Chennai,2019 W37,98.28571429
Chennai,2019 W38,106.8571429
Chennai,2019 W39,109.2857143
Chennai,2019 W40,106
Chennai,2019 W41,103.2857143
Chennai,2019 W42,73.42857143
Chennai,2019 W43,114.4285714
Chennai,2019 W44,116.5714286
Chennai,2019 W45,251.7142857
Chennai,2019 W46,100
Chennai,2019 W47,70
Chennai,2019 W48,66.71428571
Chennai,2019 W49,74.42857143
Chennai,2019 W50,63
Chennai,2019 W51,94.57142857
Chennai,2019 W52,90.57142857
Chennai,2020 W01,70.57142857
Chennai,2020 W02,71
Chennai,2020 W03,115.1428571
Chennai,2020 W04,95.85714286
Chennai,2020 W05,75.71428571
Chennai,2020 W06,74.28571429
Chennai,2020 W07,88.85714286
Chennai,2020 W08,76.28571429
Chennai,2020 W09,78.85714286
Chennai,2020 W10,74.28571429
Chennai,2020 W11,70.28571429
Chennai,2020 W12,81.14285714
Chennai,2020 W13,58.42857143
Chennai,2020 W14,66.28571429
Chennai,2020 W15,60.14285714
Chennai,2020 W16,62.28571429
Chennai,2020 W17,61
Chennai,2020 W18,68.42857143
Chennai,2020 W19,72.57142857
Chennai,2020 W20,71.42857143
Chennai,2020 W21,85.71428571
Chennai,2020 W22,88.42857143
Chennai,2020 W23,96
Chennai,2020 W24,102.7142857
Chennai,2020 W25,110.5714286
Chennai,2020 W26,101.8571429
Chennai,2020 W27,102
Delhi,2015 W01,347
Delhi,2015 W02,358.4285714
Delhi,2015 W03,360
Delhi,2015 W04,326.1428571
Delhi,2015 W05,324.1428571
Delhi,2015 W06,316.1428571
Delhi,2015 W07,338.5714286
Delhi,2015 W08,331.1428571
Delhi,2015 W09,321
Delhi,2015 W10,230.4285714
Delhi,2015 W11,243.4285714
Delhi,2015 W12,216.7142857
Delhi,2015 W13,318.4285714
Delhi,2015 W14,259.5714286
Delhi,2015 W15,309.1428571
Delhi,2015 W16,302.8571429
Delhi,2015 W17,371.4285714
Delhi,2015 W18,281.5714286
Delhi,2015 W19,388
Delhi,2015 W20,341.5714286
Delhi,2015 W21,314.7142857
Delhi,2015 W22,361.8571429
Delhi,2015 W23,303.2857143
Delhi,2015 W24,274.5714286
Delhi,2015 W25,268.1428571
Delhi,2015 W26,209.2857143
Delhi,2015 W27,217.8571429
Delhi,2015 W28,223.2857143
Delhi,2015 W29,204.4285714
Delhi,2015 W30,178.4285714
Delhi,2015 W31,171.1428571
Delhi,2015 W32,222.4285714
Delhi,2015 W33,223.8571429
Delhi,2015 W34,194
Delhi,2015 W35,228
Delhi,2015 W36,274.1428571
Delhi,2015 W37,218.5714286
Delhi,2015 W38,229
Delhi,2015 W39,197.1428571
Delhi,2015 W40,252.2857143
Delhi,2015 W41,360.5714286
Delhi,2015 W42,290.8571429
Delhi,2015 W43,370.8571429
Delhi,2015 W44,311.8571429
Delhi,2015 W45,411.2857143
Delhi,2015 W46,420
Delhi,2015 W47,410.5714286
Delhi,2015 W48,374
Delhi,2015 W49,401.4285714
Delhi,2015 W50,397.1428571
Delhi,2015 W51,278.5714286
Delhi,2015 W52,342.2857143
Delhi,2015 W53,408.2857143
Delhi,2016 W01,496.5714286
Delhi,2016 W02,372
Delhi,2016 W03,438.2857143
Delhi,2016 W04,456.7142857
Delhi,2016 W05,332.1428571
Delhi,2016 W06,323.4285714
Delhi,2016 W07,300
Delhi,2016 W08,289.7142857
Delhi,2016 W09,302.5714286
Delhi,2016 W10,203.4285714
Delhi,2016 W11,188
Delhi,2016 W12,239.2857143
Delhi,2016 W13,266.8571429
Delhi,2016 W14,269.1428571
Delhi,2016 W15,259.2857143
Delhi,2016 W16,287.2857143
Delhi,2016 W17,340.4285714
Delhi,2016 W18,256.5714286
Delhi,2016 W19,255.8571429
Delhi,2016 W20,279.2857143
Delhi,2016 W21,295.4285714
Delhi,2016 W22,279.7142857
Delhi,2016 W23,245
Delhi,2016 W24,258.2857143
Delhi,2016 W25,218.8571429
Delhi,2016 W26,168.1428571
Delhi,2016 W27,165.5714286
Delhi,2016 W28,157.8571429
Delhi,2016 W29,196.4285714
Delhi,2016 W30,143.8571429
Delhi,2016 W31,142.8571429
Delhi,2016 W32,129.1428571
Delhi,2016 W33,201.1428571
Delhi,2016 W34,125.5714286
Delhi,2016 W35,160
Delhi,2016 W36,276
Delhi,2016 W37,207.8571429
Delhi,2016 W38,199.4285714
Delhi,2016 W39,226.1428571
Delhi,2016 W40,325.7142857
Delhi,2016 W41,396.5714286
Delhi,2016 W42,450.5714286
Delhi,2016 W43,495.2857143
Delhi,2016 W44,578.1428571
Delhi,2016 W45,522.5714286
Delhi,2016 W46,451.2857143
Delhi,2016 W47,403.7142857
Delhi,2016 W48,395
Delhi,2016 W49,413.1428571
Delhi,2016 W50,401
Delhi,2016 W51,420.5714286
Delhi,2016 W52,383.8571429
Delhi,2017 W01,359.8571429
Delhi,2017 W02,372.2857143
Delhi,2017 W03,375.4285714
Delhi,2017 W04,319.2857143
Delhi,2017 W05,360.1428571
Delhi,2017 W06,315
Delhi,2017 W07,319.2857143
Delhi,2017 W08,372
Delhi,2017 W09,286.8571429
Delhi,2017 W10,197.4285714
Delhi,2017 W11,305.1428571
Delhi,2017 W12,362
Delhi,2017 W13,287.8571429
Delhi,2017 W14,300.5714286
Delhi,2017 W15,360.4285714
Delhi,2017 W16,359.4285714
Delhi,2017 W17,251.5714286
Delhi,2017 W18,378.1428571
Delhi,2017 W19,373
Delhi,2017 W20,326.8571429
Delhi,2017 W21,269.2857143
Delhi,2017 W22,230.4285714
Delhi,2017 W23,162.8571429
Delhi,2017 W24,101.4285714
Delhi,2017 W25,123.2857143
Delhi,2017 W26,68.71428571
Delhi,2017 W27,106.4285714
Delhi,2017 W28,54.85714286
Delhi,2017 W29,74.57142857
Delhi,2017 W30,37.71428571
Delhi,2017 W31,57
Delhi,2017 W32,70.57142857
Delhi,2017 W33,60.85714286
Delhi,2017 W34,70.85714286
Delhi,2017 W35,91.71428571
Delhi,2017 W36,96.14285714
Delhi,2017 W37,123.8571429
Delhi,2017 W38,106.8571429
Delhi,2017 W39,145.1428571
Delhi,2017 W40,168.2857143
Delhi,2017 W41,260.2857143
Delhi,2017 W42,358.2857143
Delhi,2017 W43,352
Delhi,2017 W44,340
Delhi,2017 W45,563.1428571
Delhi,2017 W46,382.2857143
Delhi,2017 W47,345.8571429
Delhi,2017 W48,372.2857143
Delhi,2017 W49,326.4285714
Delhi,2017 W50,277.1428571
Delhi,2017 W51,327.2857143
Delhi,2017 W52,402.5714286
Delhi,2018 W01,412.1428571
Delhi,2018 W02,344.5714286
Delhi,2018 W03,357.5714286
Delhi,2018 W04,305.5714286
Delhi,2018 W05,296.4285714
Delhi,2018 W06,337.2857143
Delhi,2018 W07,231.7142857
Delhi,2018 W08,333
Delhi,2018 W09,236.1428571
Delhi,2018 W10,215.1428571
Delhi,2018 W11,248.8571429
Delhi,2018 W12,212.1428571
Delhi,2018 W13,242.8571429
Delhi,2018 W14,230.2857143
Delhi,2018 W15,189.4285714
Delhi,2018 W16,291
Delhi,2018 W17,279
Delhi,2018 W18,188.8571429
Delhi,2018 W19,255.4285714
Delhi,2018 W20,219.4285714
Delhi,2018 W21,256.5714286
Delhi,2018 W22,229.5714286
Delhi,2018 W23,161.1428571
Delhi,2018 W24,422
Delhi,2018 W25,198.8571429
Delhi,2018 W26,118
Delhi,2018 W27,138.4285714
Delhi,2018 W28,120.8571429
Delhi,2018 W29,101.5714286
Delhi,2018 W30,85.71428571
Delhi,2018 W31,186.2857143
Delhi,2018 W32,115.4285714
Delhi,2018 W33,108.5714286
Delhi,2018 W34,99.14285714
Delhi,2018 W35,103.2857143
Delhi,2018 W36,108.5714286
Delhi,2018 W37,107.1428571
Delhi,2018 W38,131.2857143
Delhi,2018 W39,140.1428571
Delhi,2018 W40,199.1428571
Delhi,2018 W41,238.2857143
Delhi,2018 W42,313.2857143
Delhi,2018 W43,353.2857143
Delhi,2018 W44,384.2857143
Delhi,2018 W45,425
Delhi,2018 W46,346.7142857
Delhi,2018 W47,334
Delhi,2018 W48,360.1428571
Delhi,2018 W49,377.1428571
Delhi,2018 W50,345.5714286
Delhi,2018 W51,421.1428571
Delhi,2018 W52,461.7142857
Delhi,2019 W01,466.4285714
Delhi,2019 W02,379.4285714
Delhi,2019 W03,399.1428571
Delhi,2019 W04,256.4285714
Delhi,2019 W05,332.4285714
Delhi,2019 W06,270.5714286
Delhi,2019 W07,317.2857143
Delhi,2019 W08,207
Delhi,2019 W09,185.1428571
Delhi,2019 W10,196.8571429
Delhi,2019 W11,187.4285714
Delhi,2019 W12,194.8571429
Delhi,2019 W13,206.1428571
Delhi,2019 W14,240.4285714
Delhi,2019 W15,215.7142857
Delhi,2019 W16,164.2857143
Delhi,2019 W17,246.5714286
Delhi,2019 W18,241.1428571
Delhi,2019 W19,329.5714286
Delhi,2019 W20,225.7142857
Delhi,2019 W21,175.4285714
Delhi,2019 W22,220.4285714
Delhi,2019 W23,208
Delhi,2019 W24,229
Delhi,2019 W25,158.4285714
Delhi,2019 W26,177.5714286
Delhi,2019 W27,140.4285714
Delhi,2019 W28,222.7142857
Delhi,2019 W29,127
Delhi,2019 W30,115
Delhi,2019 W31,94.28571429
Delhi,2019 W32,93.85714286
Delhi,2019 W33,79.57142857
Delhi,2019 W34,117.1428571
Delhi,2019 W35,109.8571429
Delhi,2019 W36,115.5714286
Delhi,2019 W37,120.1428571
Delhi,2019 W38,106.4285714
Delhi,2019 W39,86.14285714
Delhi,2019 W40,109.4285714
Delhi,2019 W41,198.4285714
Delhi,2019 W42,267.5714286
Delhi,2019 W43,297.1428571
Delhi,2019 W44,495.8571429
Delhi,2019 W45,354.8571429
Delhi,2019 W46,460.8571429
Delhi,2019 W47,308.7142857
Delhi,2019 W48,192.2857143
Delhi,2019 W49,358.8571429
Delhi,2019 W50,336.4285714
Delhi,2019 W51,321.5714286
Delhi,2019 W52,381.8571429
Delhi,2020 W01,435.1428571
Delhi,2020 W02,292.5714286
Delhi,2020 W03,294.4285714
Delhi,2020 W04,292.4285714
Delhi,2020 W05,254.4285714
Delhi,2020 W06,312.2857143
Delhi,2020 W07,273
Delhi,2020 W08,237.5714286
Delhi,2020 W09,207
Delhi,2020 W10,149.2857143
Delhi,2020 W11,143.1428571
Delhi,2020 W12,182.4285714
Delhi,2020 W13,89.57142857
Delhi,2020 W14,84.28571429
Delhi,2020 W15,107.5714286
Delhi,2020 W16,128.1428571
Delhi,2020 W17,121.5714286
Delhi,2020 W18,118.7142857
Delhi,2020 W19,127.8571429
Delhi,2020 W20,146.1428571
Delhi,2020 W21,197.1428571
Delhi,2020 W22,133.2857143
Delhi,2020 W23,117.4285714
Delhi,2020 W24,139.5714286
Delhi,2020 W25,124
Delhi,2020 W26,108.2857143
Delhi,2020 W27,149.3333333
Hyderabad,2015 W14,113.3333333
Hyderabad,2015 W15,136.8571429
Hyderabad,2015 W16,161.1428571
Hyderabad,2015 W17,132.7142857
Hyderabad,2015 W18,141.2857143
Hyderabad,2015 W19,133
Hyderabad,2015 W20,132.7142857
Hyderabad,2015 W21,138.1428571
Hyderabad,2015 W22,121.8571429
Hyderabad,2015 W23,238.2857143
Hyderabad,2015 W24,108.7142857
Hyderabad,2015 W25,105.1428571
Hyderabad,2015 W26,177.2857143
Hyderabad,2015 W27,109.8571429
Hyderabad,2015 W28,95.42857143
Hyderabad,2015 W29,93.14285714
Hyderabad,2015 W30,40.85714286
Hyderabad,2015 W31,72.42857143
Hyderabad,2015 W32,92.42857143
Hyderabad,2015 W33,95.42857143
Hyderabad,2015 W34,211
Hyderabad,2015 W35,149
Hyderabad,2015 W36,199.8571429
Hyderabad,2015 W37,137.5714286
Hyderabad,2015 W38,151
Hyderabad,2015 W39,180.5714286
Hyderabad,2015 W40,163.1428571
Hyderabad,2015 W41,212.2857143
Hyderabad,2015 W42,210.5714286
Hyderabad,2015 W43,182.2857143
Hyderabad,2015 W44,293.7142857
Hyderabad,2015 W45,141.2857143
Hyderabad,2015 W46,155
Hyderabad,2015 W47,109.8571429
Hyderabad,2015 W48,146.4285714
Hyderabad,2015 W49,113.4285714
Hyderabad,2015 W50,128.5714286
Hyderabad,2015 W51,99.71428571
Hyderabad,2015 W52,130.7142857
Hyderabad,2015 W53,203.1428571
Hyderabad,2016 W01,195.4285714
Hyderabad,2016 W02,187.8571429
Hyderabad,2016 W03,140.2857143
Hyderabad,2016 W04,125.5714286
Hyderabad,2016 W05,129.7142857
Hyderabad,2016 W06,129.4285714
Hyderabad,2016 W07,158.8571429
Hyderabad,2016 W08,183
Hyderabad,2016 W09,111.4285714
Hyderabad,2016 W10,115.7142857
Hyderabad,2016 W11,108
Hyderabad,2016 W12,134.5714286
Hyderabad,2016 W13,112.2857143
Hyderabad,2016 W14,104.2857143
Hyderabad,2016 W15,122.8571429
Hyderabad,2016 W16,109
Hyderabad,2016 W17,105.5714286
Hyderabad,2016 W18,99.57142857
Hyderabad,2016 W19,118.1428571
Hyderabad,2016 W20,90.71428571
Hyderabad,2016 W21,97.57142857
Hyderabad,2016 W22,116.1428571
Hyderabad,2016 W23,117
Hyderabad,2016 W24,235.2857143
Hyderabad,2016 W25,105.4285714
Hyderabad,2016 W26,104.5714286
Hyderabad,2016 W27,136.2857143
Hyderabad,2016 W28,199.4285714
Hyderabad,2016 W29,124.5714286
Hyderabad,2016 W30,190.2857143
Hyderabad,2016 W31,150
Hyderabad,2016 W32,101.7142857
Hyderabad,2016 W33,120
Hyderabad,2016 W34,120
Hyderabad,2016 W35,99.14285714
Hyderabad,2016 W36,82.14285714
Hyderabad,2016 W37,61.85714286
Hyderabad,2016 W38,51.28571429
Hyderabad,2016 W39,82
Hyderabad,2016 W40,61.57142857
Hyderabad,2016 W41,91.71428571
Hyderabad,2016 W42,103
Hyderabad,2016 W43,117.1428571
Hyderabad,2016 W44,120.7142857
Hyderabad,2016 W45,138.7142857
Hyderabad,2016 W46,126.7142857
Hyderabad,2016 W47,120
Hyderabad,2016 W48,103.2857143
Hyderabad,2016 W49,113.2857143
Hyderabad,2016 W50,104.5714286
Hyderabad,2016 W51,105.4285714
Hyderabad,2016 W52,132.5714286
Hyderabad,2017 W01,156.2857143
Hyderabad,2017 W02,174.4285714
Hyderabad,2017 W03,138
Hyderabad,2017 W04,143.1428571
Hyderabad,2017 W05,131.1428571
Hyderabad,2017 W06,136.8571429
Hyderabad,2017 W07,144.1428571
Hyderabad,2017 W08,160.8571429
Hyderabad,2017 W09,149.8571429
Hyderabad,2017 W10,122.5714286
Hyderabad,2017 W11,126.4285714
Hyderabad,2017 W12,151.4285714
Hyderabad,2017 W13,138.2857143
Hyderabad,2017 W14,127
Hyderabad,2017 W15,170.4285714
Hyderabad,2017 W16,156.5714286
Hyderabad,2017 W17,144
Hyderabad,2017 W18,116.4285714
Hyderabad,2017 W19,115
Hyderabad,2017 W20,115.4285714
Hyderabad,2017 W21,120.4285714
Hyderabad,2017 W22,87.57142857
Hyderabad,2017 W23,77.42857143
Hyderabad,2017 W24,74.85714286
Hyderabad,2017 W25,69.14285714
Hyderabad,2017 W26,61.14285714
Hyderabad,2017 W27,61.14285714
Hyderabad,2017 W28,65.28571429
Hyderabad,2017 W29,58.57142857
Hyderabad,2017 W30,59.42857143
Hyderabad,2017 W31,61.71428571
Hyderabad,2017 W32,73
Hyderabad,2017 W33,65.71428571
Hyderabad,2017 W34,62.14285714
Hyderabad,2017 W35,64.28571429
Hyderabad,2017 W36,73.14285714
Hyderabad,2017 W37,53.14285714
Hyderabad,2017 W38,61.42857143
Hyderabad,2017 W39,91.14285714
Hyderabad,2017 W40,103.5714286
Hyderabad,2017 W41,113.7142857
Hyderabad,2017 W42,151.5714286
Hyderabad,2017 W43,116.1428571
Hyderabad,2017 W44,132.4285714
Hyderabad,2017 W45,102.8571429
Hyderabad,2017 W46,102.5714286
Hyderabad,2017 W47,123.2857143
Hyderabad,2017 W48,150.7142857
Hyderabad,2017 W49,128.7142857
Hyderabad,2017 W50,133
Hyderabad,2017 W51,162.4285714
Hyderabad,2017 W52,153.2857143
Hyderabad,2018 W01,150.4285714
Hyderabad,2018 W02,153.7142857
Hyderabad,2018 W03,131.7142857
Hyderabad,2018 W04,139.7142857
Hyderabad,2018 W05,125.5714286
Hyderabad,2018 W06,111.7142857
Hyderabad,2018 W07,106.1428571
Hyderabad,2018 W08,109.7142857
Hyderabad,2018 W09,123.4285714
Hyderabad,2018 W10,114.1428571
Hyderabad,2018 W11,97.42857143
Hyderabad,2018 W12,117.7142857
Hyderabad,2018 W13,117.1428571
Hyderabad,2018 W14,93.14285714
Hyderabad,2018 W15,85.57142857
Hyderabad,2018 W16,108
Hyderabad,2018 W17,96.42857143
Hyderabad,2018 W18,93.71428571
Hyderabad,2018 W19,101.2857143
Hyderabad,2018 W20,98.14285714
Hyderabad,2018 W21,108.4285714
Hyderabad,2018 W22,89.71428571
Hyderabad,2018 W23,72.71428571
Hyderabad,2018 W24,73.28571429
Hyderabad,2018 W25,53.14285714
Hyderabad,2018 W26,51.28571429
Hyderabad,2018 W27,60.14285714
Hyderabad,2018 W28,47.42857143
Hyderabad,2018 W29,45.85714286
Hyderabad,2018 W30,55.42857143
Hyderabad,2018 W31,78.85714286
Hyderabad,2018 W32,52.28571429
Hyderabad,2018 W33,45
Hyderabad,2018 W34,44.28571429
Hyderabad,2018 W35,59.14285714
Hyderabad,2018 W36,67
Hyderabad,2018 W37,84.57142857
Hyderabad,2018 W38,75.85714286
Hyderabad,2018 W39,94.14285714
Hyderabad,2018 W40,98.57142857
Hyderabad,2018 W41,121.2857143
Hyderabad,2018 W42,94.14285714
Hyderabad,2018 W43,124.5714286
Hyderabad,2018 W44,92.42857143
Hyderabad,2018 W45,102.8571429
Hyderabad,2018 W46,112
Hyderabad,2018 W47,117.1428571
Hyderabad,2018 W48,138.8571429
Hyderabad,2018 W49,137.4285714
Hyderabad,2018 W50,152.7142857
Hyderabad,2018 W51,102.8571429
Hyderabad,2018 W52,139.4285714
Hyderabad,2019 W01,139.8571429
Hyderabad,2019 W02,151.2857143
Hyderabad,2019 W03,150.1428571
Hyderabad,2019 W04,99.28571429
Hyderabad,2019 W05,121.5714286
Hyderabad,2019 W06,121
Hyderabad,2019 W07,113
Hyderabad,2019 W08,103.4285714
Hyderabad,2019 W09,101.8571429
Hyderabad,2019 W10,120.4285714
Hyderabad,2019 W11,99
Hyderabad,2019 W12,94
Hyderabad,2019 W13,117.7142857
Hyderabad,2019 W14,98.28571429
Hyderabad,2019 W15,90.42857143
Hyderabad,2019 W16,88.28571429
Hyderabad,2019 W17,100.5714286
Hyderabad,2019 W18,106.1428571
Hyderabad,2019 W19,123.2857143
Hyderabad,2019 W20,109.2857143
Hyderabad,2019 W21,110.2857143
Hyderabad,2019 W22,111.4285714
Hyderabad,2019 W23,87.14285714
Hyderabad,2019 W24,53.42857143
Hyderabad,2019 W25,59.85714286
Hyderabad,2019 W26,47.28571429
Hyderabad,2019 W27,44.28571429
Hyderabad,2019 W28,40.28571429
Hyderabad,2019 W29,64.14285714
Hyderabad,2019 W30,48
Hyderabad,2019 W31,38.14285714
Hyderabad,2019 W32,46
Hyderabad,2019 W33,68.42857143
Hyderabad,2019 W34,68
Hyderabad,2019 W35,55.57142857
Hyderabad,2019 W36,34.57142857
Hyderabad,2019 W37,48.57142857
Hyderabad,2019 W38,60.85714286
Hyderabad,2019 W39,53.14285714
Hyderabad,2019 W40,79
Hyderabad,2019 W41,80
Hyderabad,2019 W42,83.14285714
Hyderabad,2019 W43,62.28571429
Hyderabad,2019 W44,83.14285714
Hyderabad,2019 W45,148.4285714
Hyderabad,2019 W46,124.7142857
Hyderabad,2019 W47,161.1428571
Hyderabad,2019 W48,146
Hyderabad,2019 W49,143.2857143
Hyderabad,2019 W50,105.1428571
Hyderabad,2019 W51,143.1428571
Hyderabad,2019 W52,136.1428571
Hyderabad,2020 W01,94.14285714
Hyderabad,2020 W02,113.7142857
Hyderabad,2020 W03,95.14285714
Hyderabad,2020 W04,105.7142857
Hyderabad,2020 W05,115.1428571
Hyderabad,2020 W06,76.85714286
Hyderabad,2020 W07,114.1428571
Hyderabad,2020 W08,96.71428571
Hyderabad,2020 W09,93.71428571
Hyderabad,2020 W10,96.14285714
Hyderabad,2020 W11,73
Hyderabad,2020 W12,79.57142857
Hyderabad,2020 W13,66.85714286
Hyderabad,2020 W14,74.42857143
Hyderabad,2020 W15,62
Hyderabad,2020 W16,71.71428571
Hyderabad,2020 W17,58.71428571
Hyderabad,2020 W18,59
Hyderabad,2020 W19,68.42857143
Hyderabad,2020 W20,68.28571429
Hyderabad,2020 W21,104.5714286
Hyderabad,2020 W22,82.85714286
Hyderabad,2020 W23,52.14285714
Hyderabad,2020 W24,44.71428571
Hyderabad,2020 W25,38.28571429
Hyderabad,2020 W26,53.28571429
Hyderabad,2020 W27,47
Lucknow,2015 W12,657
Lucknow,2015 W13,196.5714286
Lucknow,2015 W14,126.7142857
Lucknow,2015 W15,115.8571429
Lucknow,2015 W16,103.5714286
Lucknow,2015 W17,128.8571429
Lucknow,2015 W18,129.1428571
Lucknow,2015 W19,134.2857143
Lucknow,2015 W20,128
Lucknow,2015 W21,136.4285714
Lucknow,2015 W22,140.8571429
Lucknow,2015 W23,171.7142857
Lucknow,2015 W24,150.5714286
Lucknow,2015 W25,160
Lucknow,2015 W26,133.1428571
Lucknow,2015 W27,99.85714286
Lucknow,2015 W28,111.2857143
Lucknow,2015 W29,130.4285714
Lucknow,2015 W30,137.2857143
Lucknow,2015 W31,133.2857143
Lucknow,2015 W32,109
Lucknow,2015 W33,111.5714286
Lucknow,2015 W34,91
Lucknow,2015 W35,99.57142857
Lucknow,2015 W36,100.7142857
Lucknow,2015 W37,152.7142857
Lucknow,2015 W38,161.7142857
Lucknow,2015 W39,94.57142857
Lucknow,2015 W40,171.5714286
Lucknow,2015 W41,162.7142857
Lucknow,2015 W42,198.7142857
Lucknow,2015 W43,305.8571429
Lucknow,2015 W44,334.8571429
Lucknow,2015 W45,345.2857143
Lucknow,2015 W46,413.8571429
Lucknow,2015 W47,412.2857143
Lucknow,2015 W48,431
Lucknow,2015 W49,377.5714286
Lucknow,2015 W50,490.4285714
Lucknow,2015 W51,357
Lucknow,2015 W52,357
Lucknow,2015 W53,342.7142857
Lucknow,2016 W01,309.2857143
Lucknow,2016 W02,366.7142857
Lucknow,2016 W03,381.2857143
Lucknow,2016 W04,397.2857143
Lucknow,2016 W05,333.8571429
Lucknow,2016 W06,371.8571429
Lucknow,2016 W07,298.1428571
Lucknow,2016 W08,281.7142857
Lucknow,2016 W09,330
Lucknow,2016 W10,232
Lucknow,2016 W11,159.1428571
Lucknow,2016 W12,200.1428571
Lucknow,2016 W13,165.4285714
Lucknow,2016 W14,229.1428571
Lucknow,2016 W15,287.1428571
Lucknow,2016 W16,245.2857143
Lucknow,2016 W17,224.8571429
Lucknow,2016 W18,195
Lucknow,2016 W19,170
Lucknow,2016 W20,170
Lucknow,2016 W21,205.8571429
Lucknow,2016 W22,262.8571429
Lucknow,2016 W23,127.4285714
Lucknow,2016 W24,168.5714286
Lucknow,2016 W25,109.8571429
Lucknow,2016 W26,89.42857143
Lucknow,2016 W27,150.4285714
Lucknow,2016 W28,174.1428571
Lucknow,2016 W29,63
Lucknow,2016 W30,53
Lucknow,2016 W31,89.71428571
Lucknow,2016 W32,88.71428571
Lucknow,2016 W33,110.7142857
Lucknow,2016 W34,74.28571429
Lucknow,2016 W35,87.28571429
Lucknow,2016 W36,105.2857143
Lucknow,2016 W37,110.8571429
Lucknow,2016 W38,133.5714286
Lucknow,2016 W39,82.57142857
Lucknow,2016 W40,113.2857143
Lucknow,2016 W41,260
Lucknow,2016 W42,292.2857143
Lucknow,2016 W43,318.2857143
Lucknow,2016 W44,378
Lucknow,2016 W45,463.8571429
Lucknow,2016 W46,352.8571429
Lucknow,2016 W47,362.1428571
Lucknow,2016 W48,378.1428571
Lucknow,2016 W49,364.1428571
Lucknow,2016 W50,400.8571429
Lucknow,2016 W51,412.4285714
Lucknow,2016 W52,387.1428571
Lucknow,2017 W01,344.8571429
Lucknow,2017 W02,343.1428571
Lucknow,2017 W03,376.7142857
Lucknow,2017 W04,273.4285714
Lucknow,2017 W05,317
Lucknow,2017 W06,266.7142857
Lucknow,2017 W07,353.8571429
Lucknow,2017 W08,257.8571429
Lucknow,2017 W09,252.1428571
Lucknow,2017 W10,205.2857143
Lucknow,2017 W11,188.2857143
Lucknow,2017 W12,293.2857143
Lucknow,2017 W13,300.8571429
Lucknow,2017 W14,225.2857143
Lucknow,2017 W15,214.7142857
Lucknow,2017 W16,263.1428571
Lucknow,2017 W17,286.4285714
Lucknow,2017 W18,307.2857143
Lucknow,2017 W19,222.8571429
Lucknow,2017 W20,277.8571429
Lucknow,2017 W21,274.1428571
Lucknow,2017 W22,144.2857143
Lucknow,2017 W23,187.7142857
Lucknow,2017 W24,290.8571429
Lucknow,2017 W25,156
Lucknow,2017 W26,81.14285714
Lucknow,2017 W27,63.42857143
Lucknow,2017 W28,70.85714286
Lucknow,2017 W29,83.85714286
Lucknow,2017 W30,87.14285714
Lucknow,2017 W31,102
Lucknow,2017 W32,101.8571429
Lucknow,2017 W33,126.1428571
Lucknow,2017 W34,70
Lucknow,2017 W35,66
Lucknow,2017 W36,89.14285714
Lucknow,2017 W37,133.5714286
Lucknow,2017 W38,94
Lucknow,2017 W39,127.2857143
Lucknow,2017 W40,123
Lucknow,2017 W41,233.1428571
Lucknow,2017 W42,331
Lucknow,2017 W43,357.1428571
Lucknow,2017 W44,332.4285714
Lucknow,2017 W45,424.7142857
Lucknow,2017 W46,414.4285714
Lucknow,2017 W47,338.8571429
Lucknow,2017 W48,387.4285714
Lucknow,2017 W49,341.5714286
Lucknow,2017 W50,331.2857143
Lucknow,2017 W51,406.5714286
Lucknow,2017 W52,406.1428571
Lucknow,2018 W01,373.5714286
Lucknow,2018 W02,415.5714286
Lucknow,2018 W03,381
Lucknow,2018 W04,359.1428571
Lucknow,2018 W05,342.4285714
Lucknow,2018 W06,299.7142857
Lucknow,2018 W07,309.8571429
Lucknow,2018 W08,363.4285714
Lucknow,2018 W09,232.7142857
Lucknow,2018 W10,261.4285714
Lucknow,2018 W11,255.7142857
Lucknow,2018 W12,221.7142857
Lucknow,2018 W13,190.8571429
Lucknow,2018 W14,210.4285714
Lucknow,2018 W15,114.5714286
Lucknow,2018 W16,204.4285714
Lucknow,2018 W17,207.2857143
Lucknow,2018 W18,136.2857143
Lucknow,2018 W19,299.2857143
Lucknow,2018 W20,291.2857143
Lucknow,2018 W21,299.4285714
Lucknow,2018 W22,196
Lucknow,2018 W23,164
Lucknow,2018 W24,203.1428571
Lucknow,2018 W25,210.4285714
Lucknow,2018 W26,123
Lucknow,2018 W27,123.1428571
Lucknow,2018 W28,99.28571429
Lucknow,2018 W29,88
Lucknow,2018 W30,80.71428571
Lucknow,2018 W31,91
Lucknow,2018 W32,119
Lucknow,2018 W33,93.85714286
Lucknow,2018 W34,95.14285714
Lucknow,2018 W35,85.28571429
Lucknow,2018 W36,89
Lucknow,2018 W37,93.14285714
Lucknow,2018 W38,122.8571429
Lucknow,2018 W39,137.2857143
Lucknow,2018 W40,230.7142857
Lucknow,2018 W41,208
Lucknow,2018 W42,274.2857143
Lucknow,2018 W43,320
Lucknow,2018 W44,326.2857143
Lucknow,2018 W45,377.7142857
Lucknow,2018 W46,337
Lucknow,2018 W47,343.8571429
Lucknow,2018 W48,363
Lucknow,2018 W49,358.5714286
Lucknow,2018 W50,318
Lucknow,2018 W51,346.5714286
Lucknow,2018 W52,343.5714286
Lucknow,2019 W01,404.2857143
Lucknow,2019 W02,296.4285714
Lucknow,2019 W03,323
Lucknow,2019 W04,283
Lucknow,2019 W05,290.8571429
Lucknow,2019 W06,246
Lucknow,2019 W07,251.4285714
Lucknow,2019 W08,226.4285714
Lucknow,2019 W09,209.8571429
Lucknow,2019 W10,224.4285714
Lucknow,2019 W11,202.4285714
Lucknow,2019 W12,193.7142857
Lucknow,2019 W13,239.1428571
Lucknow,2019 W14,244.2857143
Lucknow,2019 W15,200.2857143
Lucknow,2019 W16,147
Lucknow,2019 W17,259.4285714
Lucknow,2019 W18,227
Lucknow,2019 W19,172.2857143
Lucknow,2019 W20,183.5714286
Lucknow,2019 W21,170.5714286
Lucknow,2019 W22,192.8571429
Lucknow,2019 W23,165.4285714
Lucknow,2019 W24,184
Lucknow,2019 W25,144
Lucknow,2019 W26,176.2857143
Lucknow,2019 W27,114.8571429
Lucknow,2019 W28,90.85714286
Lucknow,2019 W29,97.57142857
Lucknow,2019 W30,79.71428571
Lucknow,2019 W31,99.71428571
Lucknow,2019 W32,97.14285714
Lucknow,2019 W33,87.42857143
Lucknow,2019 W34,75
Lucknow,2019 W35,90.57142857
Lucknow,2019 W36,77.57142857
Lucknow,2019 W37,80.28571429
Lucknow,2019 W38,78.14285714
Lucknow,2019 W39,70.28571429
Lucknow,2019 W40,82.85714286
Lucknow,2019 W41,163
Lucknow,2019 W42,217.4285714
Lucknow,2019 W43,252.8571429
Lucknow,2019 W44,378.2857143
Lucknow,2019 W45,369.8571429
Lucknow,2019 W46,318.2857143
Lucknow,2019 W47,284.4285714
Lucknow,2019 W48,291.1428571
Lucknow,2019 W49,315.5714286
Lucknow,2019 W50,272.5714286
Lucknow,2019 W51,256
Lucknow,2019 W52,324.5714286
Lucknow,2020 W01,320.1428571
Lucknow,2020 W02,288.1428571
Lucknow,2020 W03,252.7142857
Lucknow,2020 W04,254
Lucknow,2020 W05,251
Lucknow,2020 W06,269
Lucknow,2020 W07,236.2857143
Lucknow,2020 W08,209.2857143
Lucknow,2020 W09,141.2857143
Lucknow,2020 W10,135.5714286
Lucknow,2020 W11,121.2857143
Lucknow,2020 W12,166.5714286
Lucknow,2020 W13,126.8571429
Lucknow,2020 W14,89.71428571
Lucknow,2020 W15,98.42857143
Lucknow,2020 W16,146.2857143
Lucknow,2020 W17,103.5714286
Lucknow,2020 W18,71.71428571
Lucknow,2020 W19,85
Lucknow,2020 W20,126.8571429
Lucknow,2020 W21,154.4285714
Lucknow,2020 W22,130.8571429
Lucknow,2020 W23,98.57142857
Lucknow,2020 W24,139.2857143
Lucknow,2020 W25,74.57142857
Lucknow,2020 W26,82
Lucknow,2020 W27,70
